project,phase,phase_window,pathway,code_final,final_basis,code_coder1,trigger_event_coder1,consequence_event_coder1,lag_months_coder1,source_doc_ids_coder1,coder1_notes,code_coder2,trigger_event,consequence_event,lag_months,source_doc_ids,coder2_notes,ai_drafted_code,ai_rationale,code_blind
PMBP,2,2015-2019,economic,weak,"code_final adopted from code_coder2 by project decision 2026-09-18. Single-coder. code_coder2 was AI-drafted and confirmed by Coder 2 (provenance in ai_drafted_code / ai_rationale). Coder 1 had prior exposure to code_coder2 before commencing an independent pass, so no inter-rater reliability coefficient is computed. See Chapter 4 section 4.6.2.",weak,"Second DPP revision to Tk 287.93bn (PMBP_NEWS_060, Jan 2016) and a Tk 1,400cr addition for acquiring 1,163 hectares to dispose of 212 crore cubic feet of dredged spoil, following reclassification of char land from khas to private (PMBP_NEWS_062, Jun 2018)","Completion target revised to June 2021, reported separately in span-installation coverage (PMBP_NEWS_013, Dec 2019)",,PMBP_NEWS_060; PMBP_NEWS_062; PMBP_NEWS_013,"Weak: circumstantial co-occurrence only. The inventory presents the 2018 cost addition as a requirement arising from spoil disposal and land reclassification, with no consequence stated. The delay documented in this period is attributed to geotechnical redesign (load-bearing recalculation, synthetic grouting, 11 supplemental steel piles), not to cost. Cost movement and schedule movement appear in unrelated reporting threads. No institutional, audit or parliamentary document exists for PMBP Phase 2. Coded by Coder 1, 2026-09-18, from the corpus index and the three media inventory summaries; full articles not read.",weak,"1,163 hectares of char land reclassified from public to private, forcing a Tk 1,400cr land-acquisition cost addition (PMBP_NEWS_062); separately, ministerial declarations extended the completion target to June 2021 alongside routine span-installation progress reporting (PMBP_NEWS_013)",No single source discusses the cost increase and the completion-target extension as related - they appear as separate reporting threads within the same phase with no stated connection between them,,PMBP_NEWS_062; PMBP_NEWS_013,"Coder 2 (Mohammed) reviewed AI-surfaced evidence and rationale, and confirmed the drafted code without changes.",weak,"Cost-overrun and delay-adjacent figures both appear within the phase, but in unrelated articles with no discussion of a relationship between them - matches the codebook's own weak example (cost overrun and delay figures in the same period, no discussed connection). AI-DRAFTED, PENDING CODER 2 CONFIRMATION.",
PMBP,2,2015-2019,social,weak,"code_final adopted from code_coder2 by project decision 2026-09-18. Single-coder. code_coder2 was AI-drafted and confirmed by Coder 2 (provenance in ai_drafted_code / ai_rationale). Coder 1 had prior exposure to code_coder2 before commencing an independent pass, so no inter-rater reliability coefficient is computed. See Chapter 4 section 4.6.2.",weak,"Resettlement planning shortfalls at PMBP documented in an academic assessment of the gap between impact assessment and resettlement planning (PMBP_ACAD_001); river-driven displacement of thousands at Naria upazila, Sep 2018 (PMBP_NEWS_063)","Completion target extended to June 2021 within the same phase (reported PMBP_NEWS_013), with no source connecting it to any community grievance or resistance",,PMBP_ACAD_001; PMBP_NEWS_063; PMBP_NEWS_061; PMBP_NEWS_013,"Coded weak: circumstantial co-occurrence only. Social-domain impact material and a schedule extension both fall in the phase, but no source discusses a relationship between them. No protest, acquisition dispute, or resettlement grievance is documented as reaching the project schedule. Displacement in PMBP_NEWS_063 is caused by river erosion rather than acquisition. Parliamentary records and land-acquisition dispute records, named in codebook 3.3 as primary sources for this pathway, do not exist for PMBP anywhere in the corpus. Considered and found weak rather than absent, on the basis that PMBP_ACAD_001 documents an impact event. Coded from corpus index and inventory summaries; full articles not read.",weak,"1,163 hectares of Padma char land reclassified from public (khas) to private ownership, forcing a Tk 1,400cr land-acquisition addition (PMBP_NEWS_062); concurrent riverbank erosion in Naria upazila displaced thousands of residents, locally linked to Mawa river-training/dredging activity (PMBP_NEWS_063)",No documented schedule/delay consequence in either source - both are framed as cost or environmental/displacement impacts only,,PMBP_NEWS_062; PMBP_NEWS_063,"Coder 2 (Mohammed) reviewed AI-surfaced evidence and rationale, and confirmed the drafted code without changes.",weak,"Co-occurrence only: land reclassification and erosion-driven displacement are documented in this phase, but neither source states or sequences a resulting delay - matches codebook weak definition (circumstantial co-occurrence, no documented connection). AI-DRAFTED, PENDING CODER 2 CONFIRMATION.",
PMBP,2,2015-2019,environmental,weak,"code_final adopted from code_coder2 by project decision 2026-09-18. Single-coder. code_coder2 was AI-drafted and confirmed by Coder 2 (provenance in ai_drafted_code / ai_rationale). Coder 1 had prior exposure to code_coder2 before commencing an independent pass, so no inter-rater reliability coefficient is computed. See Chapter 4 section 4.6.2.",weak,"Sedimentation and land-use pressure: dredge-spoil disposal requirement driving the 1,163-hectare char land acquisition, Jun 2018 (PMBP_NEWS_062); NASA finding of 66,000 hectares lost to the Padma over 50 years (PMBP_NEWS_031); erosion threatening Naria (PMBP_NEWS_063)","Completion target extended to June 2021 within the same phase (PMBP_NEWS_013), with no regulatory action documented as producing it",,PMBP_NEWS_062; PMBP_NEWS_031; PMBP_NEWS_063; PMBP_NEWS_013,"Coded weak: circumstantial co-occurrence only. Every candidate in this cell is hydrological or sedimentation-related. Under the Change Log decision of 2026-09-13 this pathway is scoped to regulatory pressure, so none of them can support a code above weak. No regulator appears in the phase. PMBP has no usable environmental-source document anywhere in the corpus: the only one indexed, PMBP_ENV_PEND_001, is pending and excluded as predating the study window. This is the definition operating as decided, not an evidence gap. Coded from corpus index and inventory summaries; full articles not read.",weak,"Severe riverbank erosion in Naria upazila displaced thousands of residents, locally linked to Mawa dredging/river-training activity (PMBP_NEWS_063); NASA satellite data separately documented over 66,000 hectares of historical Padma riverbank loss over 50 years, framed as a structural risk factor for river-training works (PMBP_NEWS_031)",Neither source documents a regulatory compliance order or a resulting schedule/delay consequence to the bridge project itself,,PMBP_NEWS_063; PMBP_NEWS_031,"Coder 2 (Mohammed) reviewed AI-surfaced evidence and rationale (including a requested recheck on PMBP Phase 3), and confirmed the drafted code without changes.",weak,"Environmental incidents (erosion, displacement) are documented in this phase, but with no compliance order or schedule consequence attached - matches the codebook's weak example exactly.",
PMBP,3,2019-2022,economic,strong,"code_final adopted from code_coder2 by project decision 2026-09-18. Single-coder. code_coder2 was AI-drafted and confirmed by Coder 2 (provenance in ai_drafted_code / ai_rationale). Coder 1 had prior exposure to code_coder2 before commencing an independent pass, so no inter-rater reliability coefficient is computed. See Chapter 4 section 4.6.2. | code_final set 2026-09-24 under blind-pass-authoritative rule (user independent coding). Prior final was weak; blind pass = strong.",moderate,"Annual ADP allocation for PMBP reduced to Tk 2,099.93cr following the four-month span-installation stoppage (PMBP_NEWS_066, Mar 2021); contractor idle-equipment claims from the same stoppage period (PMBP_NEWS_005)","Further schedule extension, from the June 2021 target to June 2022 (PMBP_NEWS_067, Mar 2021; PMBP_NEWS_068, May 2021)",12.0,PMBP_NEWS_066; PMBP_NEWS_067; PMBP_NEWS_068; PMBP_NEWS_005; PMBP_NEWS_003,"Moderate: the reduced financing allocation precedes a further schedule extension, the two are discussed in adjacent reporting, and no source states that one caused the other. Direction note: the inventory documents river currents halting span placement and the allocation being cut in consequence, which is delay producing an economic effect and does not qualify. The qualifying pairing is what followed the allocation cut, not what produced it. lag_months = 12, duration of the consequence per codebook 6 as ratified 2026-09-13. Coded by Coder 1, 2026-09-18, from the corpus index and the three media inventory summaries; full articles not read.",weak,"Toll structure and total project cost (DPP escalation to Tk 301.93bn, 35-year exchequer repayment schedule) were reported together with confirmation of the June 2022 opening date, in the same article (PMBP_NEWS_021)","The article reports the final cost figure and the opening timeline side by side as a status update, but does not discuss the cost escalation as having caused or threatened the schedule - by this point the June 2022 date was already firmly set, not newly revised",,PMBP_NEWS_021,"Coder 2 (Mohammed) reviewed AI-surfaced evidence and rationale, and confirmed the drafted code without changes.",weak,"Cost and schedule information co-occur in one article, but as a routine status summary rather than a discussion of cost driving delay - no temporal sequencing or stated relationship, consistent with weak.",strong
PMBP,3,2019-2022,social,strong,Land expropriation and riverbank erosion in Mawa-Janjira displaced thousands of riparian households; resettlement plots were washed away; displaced households resisted eviction due to compensation delays and valuation disputes. BBA executed RAPs and adjusted river-training boundaries. Land acquisition and rehabilitation complications forced rail-link and bridge alignment authorities to request multiple deadline and loan-tenure extensions (report synthesis + DS/JICA secondary sources). Temporally sequenced impact→delay link documented; no single source uses explicit causal wording attributing schedule extension solely to social resistance — Moderate. | code_final set 2026-09-24 under blind-pass-authoritative rule (user independent coding). Prior final was moderate; blind pass = strong.,strong,None in scope.,Not applicable.,,,"UNCODED: no qualifying evidence. The cell's only community-resistance evidence was PMBP_NEWS_064 (Padma Bridge Rail Link land acquisition), excluded under the adjacent-projects decision of 2026-09-13. Nothing in the phase replaces it: the Jul-Aug 2021 ferry cluster is service interruption rather than resistance, and no protest, acquisition dispute or resettlement grievance touching the core bridge appears in the window. Per codebook 0 rule 3, a code with no source is not a code. Coded by Coder 1, 2026-09-18, from the corpus index and the three media inventory summaries; full articles not read. | Filled 2026-09-24 from independent blind pass (chat coding). code=strong.",moderate,Rail-link alignment change required 100 additional private acres and mandatory inter-agency (RHD/BBA) compensation payments (PMBP_NEWS_064),Reported purely as a cost increase; no schedule extension attributed to this land-acquisition friction in the source,,PMBP_NEWS_064,"Recoded weak -> uncoded/flagged gap on 2026-09-13 under the adjacent-projects decision. Its only evidence, PMBP_NEWS_064 (Padma Bridge Rail Link land acquisition), is out of scope. Correction sourced from the Coder 1 handover briefing; not present in the archive copy of this file.",weak,"Land-acquisition friction documented, but source frames it purely as a cost driver, not a delay driver - no temporal sequencing to a schedule revision is stated. AI-DRAFTED, PENDING CODER 2 CONFIRMATION.",strong
PMBP,3,2019-2022,environmental,weak,"code_final adopted from code_coder2 by project decision 2026-09-18. Single-coder. code_coder2 was AI-drafted and confirmed by Coder 2 (provenance in ai_drafted_code / ai_rationale). Coder 1 had prior exposure to code_coder2 before commencing an independent pass, so no inter-rater reliability coefficient is computed. See Chapter 4 section 4.6.2.",weak,"Ferry-pier collision cluster of Jul-Aug 2021 and the official responses to it: heavy vehicles banned on the ferry route (PMBP_NEWS_071), BIWTC suspension of the Kakali master and steersman (PMBP_NEWS_037), terminal relocation from Shimulia to Paturia (PMBP_NEWS_038), and BIWTC's documented failure to act on the master's prior written warning (PMBP_NEWS_039). One triggering cause, one event, per Change Log 2026-09-13.",No delay consequence to bridge construction. The bridge was structurally complete and opened 25 June 2022 on the schedule reported through the phase. Consequences fall on ferry operations.,,PMBP_NEWS_071; PMBP_NEWS_037; PMBP_NEWS_038; PMBP_NEWS_039; PMBP_NEWS_070,"Coded weak: circumstantial co-occurrence only. Coder 1 ruling recorded 2026-09-18: operator action (BIWTC) counts as regulatory pressure for the purposes of codebook 3.4, alongside the regulator (BIWTA). This broadens 3.4 and requires its own Change Log entry. The ruling aligns the coding file with 4_indicator_panel, which already counts enii_compliance_failures = 1 for this phase on the same BIWTC evidence. Code remains weak because every consequence lands on ferry operations rather than on the project schedule. Cluster treated as one event per the combined-cluster convention. Coded from corpus index and inventory summaries; full articles not read.",weak,"A cluster of Ro-Ro ferry collisions with bridge piers 10, 16 and 17 during periods of strong river current (PMBP_NEWS_070; PMBP_NEWS_035; PMBP_NEWS_036) prompted BIWTC to suspend the Kakoli's master and steersman (PMBP_NEWS_037), redirect vehicular traffic from Shimulia to Paturia (PMBP_NEWS_038), and face criticism for not acting on prior written warnings (PMBP_NEWS_039); the Daily Star separately reports a heavy-vehicle ban on the ferry route imposed after three collisions damaged bridge pile caps within 20 days (PMBP_NEWS_071)","PMBP_NEWS_071 documents actual damage to bridge pile caps from these collisions - genuine structural impact, not merely a ferry-safety matter. However, the June 2022 completion date had already been fixed in May 2021 (per Daily Star, 'Padma bridge deadline now June next year', 2021-05-25), before these collisions occurred (Jul-Aug 2021), and the bridge opened on that same date with no further schedule revision reported afterward. The sequence runs schedule-fixed -> structural damage -> schedule held, which argues against a delay link despite the real damage.",,PMBP_NEWS_070; PMBP_NEWS_035; PMBP_NEWS_036; PMBP_NEWS_037; PMBP_NEWS_038; PMBP_NEWS_039; PMBP_NEWS_071,"Coder 2 (Mohammed) reviewed AI-surfaced evidence and rationale (including a requested recheck on PMBP Phase 3), and confirmed the drafted code without changes.",weak,"Revised on recheck: this is documented structural damage to the bridge itself (pile caps), stronger evidence than a typical weak case, but the already-fixed completion date remaining unchanged after the damage occurred is a clean, timeline-verified basis for weak rather than moderate - the codebook's moderate threshold needs a plausible temporally-sequenced link toward a schedule change, and here the sequence points the other way (schedule was set before the incident and did not move after it). Code unchanged; rationale corrected for precision.",
PMBP,4,2022-2026,economic,moderate,"code_final adopted from code_coder2 by project decision 2026-09-18. Single-coder. code_coder2 was AI-drafted and confirmed by Coder 2 (provenance in ai_drafted_code / ai_rationale). Coder 1 had prior exposure to code_coder2 before commencing an independent pass, so no inter-rater reliability coefficient is computed. See Chapter 4 section 4.6.2. | code_final set 2026-09-24 under blind-pass-authoritative rule (user independent coding). Prior final was moderate; blind pass = moderate.",weak,"Third DPP revision raising total cost to Tk 326.06bn, ECNEC-approved Apr 2023 (PMBP_NEWS_007); Planning Commission proposal at Tk 328.75bn extending the project period to June 2024 to complete river governance works (PMBP_NEWS_047); further Tk 1,117cr VAT-driven contractor payment (PMBP_NEWS_048)",No delay consequence. The June 2024 project-period extension is a contractual closing and defect-liability date rather than a delay to delivery; 4_indicator_panel records no further schedule slippage after the 25 June 2022 opening.,,PMBP_NEWS_007; PMBP_NEWS_047; PMBP_NEWS_048; PMBP_NEWS_045; PMBP_NEWS_006,"Weak: circumstantial co-occurrence only. PMBP_NEWS_047 is the only document in the PMBP corpus pairing a cost increase with a period extension, but the inventory states the period was extended to complete outstanding river-governance works and the cost raised to fund them, so outstanding works drive both rather than cost driving the extension. Coder 1 initially recorded moderate on 2026-09-18 and reduced to weak the same day, since no Layer 1 delay consequence could be named and codebook 6 requires lag_months for a moderate code. Coded by Coder 1, 2026-09-18, from the corpus index and the three media inventory summaries; full articles not read.",moderate,"Bridges Division requested an additional Tk 2,682.13cr and a time extension to June 2024, in the same DPP revision, to complete river training, power lines, and defect liabilities (PMBP_NEWS_006); a closely-timed Prothom Alo report describes what appears to be the same underlying ECNEC revision episode, citing a Tk 26.82bn cost increase and a one-year tenure extension (PMBP_NEWS_047 - treated as corroborating, not independent, evidence per the near-duplicate flag already logged against this pair in 1_corpus_index)","Both the cost increase and the schedule extension are requested and reported together within a single DPP submission, but the source does not state that the cost overrun caused the extension - both plausibly stem from the same underlying incomplete-works driver (river training, defect liability) rather than one causing the other",,PMBP_NEWS_006; PMBP_NEWS_047; PMBP_NEWS_045; PMBP_NEWS_048,"Coder 2 (Mohammed) reviewed AI-surfaced evidence and rationale, and confirmed the drafted code without changes.",moderate,"Matches the codebook's own moderate example closely: a progress/DPP document notes a cost item and a revised completion date together, discussed in relation (same revision request, same underlying works), but no source explicitly states the cost overrun caused the extension. PMBP_NEWS_045 and PMBP_NEWS_048 are cost-only corroborating reports from the same cost-revision cluster and do not independently raise or lower the code. AI-DRAFTED, PENDING CODER 2 CONFIRMATION.",moderate
PMBP,4,2022-2026,social,weak,"code_final adopted from code_coder2 by project decision 2026-09-18. Single-coder. code_coder2 was AI-drafted and confirmed by Coder 2 (provenance in ai_drafted_code / ai_rationale). Coder 1 had prior exposure to code_coder2 before commencing an independent pass, so no inter-rater reliability coefficient is computed. See Chapter 4 section 4.6.2.",weak,Acquisition and integrity conduct: Tk 9bn of land purchased under political pressure (PMBP_NEWS_049) and project corruption findings closed without consequence (PMBP_NEWS_078),No delay consequence named. Phase 4 runs from the 25 June 2022 opening and 4_indicator_panel records no further schedule slippage in this phase.,,PMBP_NEWS_049; PMBP_NEWS_078,"Coded weak by Coder 1, 2026-09-18, reduced from an initial moderate because no Layer 1 delay consequence could be named and codebook 6 requires lag_months for a moderate code. Circumstantial co-occurrence only. Coder 1 elected to retain PMBP_NEWS_049 and PMBP_NEWS_078 in Phase 4 by publication date rather than reassigning them to the phase of the events described, a recorded exception to the codebook 1 boundary rule. This retention leaves the coding file and 4_indicator_panel treating the same two documents differently; unresolved.",weak,"Post-completion investigative reporting found fraudulent land-compensation schemes in Shibchar upazila (PMBP_NEWS_078); separately, Tk 9b in char land was purchased under political pressure in 2025 and later eroded (PMBP_NEWS_049)","No delay consequence possible to document - both findings post-date the bridge's 30 June 2024 completion, so no remaining project schedule exists for a delay to attach to",,PMBP_NEWS_078; PMBP_NEWS_049,"Coder 2 (Mohammed) reviewed AI-surfaced evidence and rationale, and confirmed the drafted code without changes.",weak,"Ceiling case: serious land-acquisition irregularities documented, but both reports post-date project completion, so no delay consequence is structurally possible - weak by definition regardless of underlying severity. AI-DRAFTED, PENDING CODER 2 CONFIRMATION.",
PMBP,4,2022-2026,environmental,weak,"code_final adopted from code_coder2 by project decision 2026-09-18. Single-coder. code_coder2 was AI-drafted and confirmed by Coder 2 (provenance in ai_drafted_code / ai_rationale). Coder 1 had prior exposure to code_coder2 before commencing an independent pass, so no inter-rater reliability coefficient is computed. See Chapter 4 section 4.6.2.",weak,"EIA-mandated wildlife sanctuary still unimplemented two years after the requirement, Oct 2022 (PMBP_NEWS_073); unplanned third-party river dredging threatening pier scour protection, Feb 2023 (PMBP_NEWS_027)","No delay consequence. The regulatory condition in PMBP_NEWS_073 was never enforced, so it produced no pressure on the project.",,PMBP_NEWS_073; PMBP_NEWS_027,"Coded weak: circumstantial co-occurrence only. PMBP_NEWS_073 is the clearest genuinely regulatory document in the PMBP corpus, an EIA condition, but the consequence runs backwards: non-implementation of a requirement is the absence of regulatory pressure rather than an instance of it. PMBP_NEWS_027 is hydrological and involves a third party rather than a regulator. PMBP_NEWS_073 is worth carrying into the IGQ discussion in Chapter 4 regardless of the code it receives here. Coded from corpus index and inventory summaries; full articles not read.",weak,"Two years post-opening, the EIA-mandated Padma Bridge Wildlife Sanctuary remained unestablished, attributed to unmonitored sand extraction and inter-agency coordination delays (PMBP_NEWS_073); separately, unauthorized upstream sand dredging was reported as threatening pier scour protection, prompting calls for emergency regulatory enforcement (PMBP_NEWS_027)","Both are documented EIA/regulatory compliance failures, but neither can produce a schedule-delay consequence since the bridge was already complete and operational by the time both were reported",,PMBP_NEWS_073; PMBP_NEWS_027,"Coder 2 (Mohammed) reviewed AI-surfaced evidence and rationale (including a requested recheck on PMBP Phase 3), and confirmed the drafted code without changes.",weak,"Same structural ceiling as the Social pathway's Phase 4 cells: real EIA/regulatory non-compliance is documented, but it post-dates project completion, so no delay consequence is structurally possible - weak by definition regardless of the underlying finding's seriousness.",
DMRP,2,2019-2022,economic,strong,"Elevated viaduct construction reduced arterial capacity >50%; corridor traffic volume fell 52% and speeds to 1.1 km/h. IMED survey: 68% of local traders suffered severe income drops. Disputes over business-loss compensation for non-titled traders under JICA safeguards, combined with night-only work windows to limit gridlock, stalled civil works and pushed operational milestones (report synthesis + IMED/research sources). Plausible sequenced economic impact→delay link; Moderate. | code_final set 2026-09-24 under blind-pass-authoritative rule (user independent coding). Prior final was moderate; blind pass = strong.",strong,None. No cost escalation or financing disruption event falls inside the phase window.,"36 months of schedule delay had accumulated against the December 2019 first-section target by the phase endpoint, but with no antecedent economic trigger inside the window to sequence it against.",,DMRP_NEWS_009; DMRP_INST_004; DMRP_INST_007,"UNCODED - no qualifying evidence. The trigger side of this pathway is empty by rule rather than by coverage: the 52.25 per cent cost escalation was announced 17 Jul 2022 and falls in Phase 3 under the 1 July 2022 boundary confirmed in the Change Log. 4_indicator_panel records DMRP Phase 2 cost overrun at 0 per cent on the same basis. DMRP_NEWS_009 (JICA loan-tranche signing friction) resolved without a stated effect on progress and is recorded as borderline, not as a disruption. Contractor claims are absent for DMRP in every phase of the corpus. Per codebook 0 rule 3 and handover section 5 point 6, left uncoded rather than forced to weak. Note for Chapter 4: DMRP's cost escalation lagging its schedule escalation is itself a finding, and is the reverse of what this pathway describes. | Filled 2026-09-24 from independent blind pass (chat coding). code=strong.",moderate,No qualifying cost-escalation-to-delay evidence located in the currently available newspaper corpus for this phase,,,,"Coder 2 (Mohammed) reviewed and confirms no qualifying evidence currently available; cell left uncoded pending institutional/JICA source material, per codebook Sec 0 Rule 3 (a code with no source is not a code).",,"GAP, not a code: fare-setting delays (DMRP_NEWS_011, 2021) reflect an internal tariff-committee process, not a cost-escalation event, and are out of scope for this pathway as defined. Recommend checking DMTCL/JICA evaluation reports (codebook Sec 3.2 primary sources) before treating this cell as genuinely weak/absent rather than undocumented. AI-DRAFTED, PENDING CODER 2 REVIEW.",strong
DMRP,2,2019-2022,social,moderate,"Utility shifting caused prolonged water/gas cutoffs and noise/dust pollution. Elevated alignment proposals through Mirpur Cantonment, near Shaheed Minar, and across DU campus triggered student/civic protests from Jan 2016; Kamalapur station demolition proposal also resisted. Government halted planning, re-evaluated alignment, re-routed around heritage structures, abandoned station demolition for multi-modal redesign. These social negotiations and utility-mapping delays consumed project buffer time (report synthesis + wiki/JICA sources). Moderate. | code_final set 2026-09-24 under blind-pass-authoritative rule (user independent coding). Prior final was moderate; blind pass = moderate.",moderate,"None. No displacement, grievance, dispute, or resistance event is documented in the phase.",Not applicable. No trigger to sequence against.,,,"UNCODED - no qualifying evidence. Thirteen documents fall in this phase and only one touches the social domain at all (DMRP_NEWS_007, general commentary on Dhaka traffic congestion, not on community response to the project). Station-plaza land acquisition appears in the window as a cost driver only, with no resistance recorded against it. 4_indicator_panel records zero displacement events here on the same basis. This is an uncovered absence rather than a considered one: the corpus does not reach the question, as distinct from having looked in adequate sources and found nothing. Per codebook 0 rule 3, no source means no code. | Filled 2026-09-24 from independent blind pass (chat coding). code=moderate.",moderate,No qualifying community-resistance / land-dispute / resettlement-grievance evidence located in the currently available newspaper corpus for this phase,,,,"Coder 2 (Mohammed) reviewed and confirms no qualifying evidence currently available; cell left uncoded pending institutional/parliamentary source material, per codebook Sec 0 Rule 3 (a code with no source is not a code).",,"GAP, not a code: nearest candidate (fare-setting delays, DMRP_NEWS_011) is an internal institutional/tariff process, not community resistance, and is out of scope for this pathway. Recommend checking DMTCL/DTCA institutional records or parliamentary committee proceedings (codebook Sec 3.3 primary sources) before treating this cell as genuinely weak/absent rather than undocumented. AI-DRAFTED, PENDING CODER 2 REVIEW.",moderate
DMRP,2,2019-2022,environmental,weak,"code_final adopted from code_coder2 by project decision 2026-09-18. Single-coder. code_coder2 was AI-drafted and confirmed by Coder 2 (provenance in ai_drafted_code / ai_rationale). Coder 1 had prior exposure to code_coder2 before commencing an independent pass, so no inter-rater reliability coefficient is computed. See Chapter 4 section 4.6.2.",weak,"Department of Environment penalised MRT contractors for violating air-quality directives and failing to control dust along construction corridors (DMRP_NEWS_016, 2019)","36 months of schedule delay accumulated against the December 2019 first-section target by the phase endpoint, with no source connecting it to the regulatory action",,DMRP_NEWS_016; DMRP_ENV_003,"Weak: circumstantial co-occurrence only. This is the clearest regulatory enforcement action anywhere in either corpus and satisfies the trigger side of codebook 3.4 unambiguously. The consequence side does not follow: the document records the penalty and the non-compliance but not any suspension, slowdown or clearance-timeline movement, and no follow-up reporting on the action appears in the corpus. DMRP_ENV_002 (Addendum 4 EIA, Motijheel-Kamalapur extension) excluded under the Kamalapur ruling of 2026-09-18. Coded by Coder 1, 2026-09-18, from the corpus index and the three media inventory summaries; full articles not read.",weak,Department of Environment penalised MRT Line-6 contractors for violating air-quality directives and failing to control construction-corridor dust (DMRP_NEWS_016),"A regulatory violation/penalty is documented, but the source does not state that work was suspended or the schedule extended as a result",,DMRP_NEWS_016,"Coder 2 (Mohammed) reviewed AI-surfaced evidence and rationale (including a requested recheck on PMBP Phase 3), and confirmed the drafted code without changes.",weak,"A genuine regulatory enforcement action is documented (this is stronger than a bare 'incident'), but it stops short of even moderate because there is no subsequent revised timeline or schedule discussion to sequence it against - only the violation/penalty itself is reported.",
DMRP,3,2022-2024,economic,moderate,"code_final adopted from code_coder2 by project decision 2026-09-18. Single-coder. code_coder2 was AI-drafted and confirmed by Coder 2 (provenance in ai_drafted_code / ai_rationale). Coder 1 had prior exposure to code_coder2 before commencing an independent pass, so no inter-rater reliability coefficient is computed. See Chapter 4 section 4.6.2.",moderate,"DMTCL DPP revision of Jul 2022 requesting a 52.25 per cent cost escalation, Tk 11,487cr to Tk 33,472cr (DMRP_NEWS_045)","Deadline extension to December 2025, submitted in the same DPP revision instrument",18.0,DMRP_NEWS_045; DMRP_NEWS_048; DMRP_ACAD_002,"Moderate: the cost escalation and the deadline extension are documented in one dated instrument and discussed in relation, with no source stating that one caused the other. This is the only document in either corpus where the two move within the same submission. Qualification: the inventory names shared upstream drivers for both outcomes (station-footing expansion, private real-estate acquisition for entry plazas, Taka devaluation, VAT and customs increases), so causation plausibly runs from those drivers to both rather than from cost to schedule. One named driver, the 1.16km Motijheel-Kamalapur extension, is out of scope under the ruling of 2026-09-18. Coded moderate rather than strong per the tie-break rule. lag_months = 18, June 2024 original full-line target to December 2025. Coded by Coder 1, 2026-09-18, from the corpus index and the three media inventory summaries; full articles not read.",moderate,"DMTCL submitted a DPP revision seeking a 52.25% cost increase (Tk 11,487cr hike to Tk 33,472cr) together with a deadline extension to December 2025, citing station-plaza land acquisitions, the Kamalapur line extension, and currency devaluation (DMRP_NEWS_045)","Cost increase and deadline extension are requested and reported in the same DPP submission, but the source does not state that the cost escalation caused the extension - both are presented as consequences of the same scope-expansion and currency factors",,DMRP_NEWS_045,"Coder 2 (Mohammed) reviewed AI-surfaced evidence and rationale, and confirmed the drafted code without changes.",moderate,"Same bundled-DPP-revision pattern as PMBP Phase 4: cost and schedule revised together in one document, discussed in relation, but no explicit causal statement - matches the codebook's moderate example. AI-DRAFTED, PENDING CODER 2 CONFIRMATION.",
DMRP,3,2022-2024,social,moderate,"code_final adopted from code_coder2 by project decision 2026-09-18. Single-coder. code_coder2 was AI-drafted and confirmed by Coder 2 (provenance in ai_drafted_code / ai_rationale). Coder 1 had prior exposure to code_coder2 before commencing an independent pass, so no inter-rater reliability coefficient is computed. See Chapter 4 section 4.6.2. | code_final set 2026-09-24 under blind-pass-authoritative rule (user independent coding). Prior final was weak; blind pass = moderate.",moderate,None.,Not applicable.,,,"UNCODED: no qualifying evidence. The phase is a sequence of station openings and service expansions (DMRP_NEWS_018, 019, 020, 021) plus a fare concession (DMRP_NEWS_014), with no displacement, interruption, grievance or resistance content. 4_indicator_panel records zero displacement events for the same reason. Coder 1 initially recorded weak and revised to uncoded on 2026-09-18 for consistency with DMRP Phase 2 Social, which presents the same evidentiary situation. Coded by Coder 1, 2026-09-18, from the corpus index and the three media inventory summaries; full articles not read. | Filled 2026-09-24 from independent blind pass (chat coding). code=moderate.",weak,June 2022 fare structure omitted a student concession (unlike BRTC's 50% bus discount); commuter and student groups publicly criticized the absence of a half-fare concession (DMRP_NEWS_014),No documented operational or schedule consequence - reported purely as public criticism/opinion coverage,,DMRP_NEWS_014,"Coder 2 (Mohammed) reviewed AI-surfaced evidence and rationale, and confirmed the drafted code without changes.",weak,"Near-identical to the codebook's own worked weak example: community dissatisfaction reported in media with no documented project-side consequence. AI-DRAFTED, PENDING CODER 2 CONFIRMATION.",moderate
DMRP,3,2022-2024,environmental,weak,"code_final adopted from code_coder2 by project decision 2026-09-18. Single-coder. code_coder2 was AI-drafted and confirmed by Coder 2 (provenance in ai_drafted_code / ai_rationale). Coder 1 had prior exposure to code_coder2 before commencing an independent pass, so no inter-rater reliability coefficient is computed. See Chapter 4 section 4.6.2.",weak,Documented environmental effect of the line: academic observation on environmental impact (DMRP_ACAD_001) and reported research finding elevated temperatures in areas adjacent to the metro (DMRP_NEWS_022),"No delay consequence. Neither document involves a regulator acting, and the phase records the opening of the Agargaon to Motijheel section rather than any schedule extension.",,DMRP_ACAD_001; DMRP_NEWS_022,"Coded weak: circumstantial co-occurrence only. Both documents are ex-post research rather than regulatory records, a different evidentiary class from the Department of Environment enforcement action in Phase 2 (DMRP_NEWS_016). Chapter 4 should not present an academic finding and an enforcement action as the same kind of evidence. No regulatory action of any kind falls in this phase. Coded from corpus index and inventory summaries; full articles not read.",weak,"Post-construction environmental research documented extensive tree loss along the MRT Line-6 corridor from viaduct-foundation alignment and pier construction, and found the elevated structure raising local temperatures (DMRP_NEWS_022)","No regulatory compliance order or schedule consequence is documented - this is an ex-post impact study, not tied to any project timeline decision",,DMRP_NEWS_022,"Coder 2 (Mohammed) reviewed AI-surfaced evidence and rationale (including a requested recheck on PMBP Phase 3), and confirmed the drafted code without changes.",weak,"Environmental impact is documented and quantified, but with no regulatory or schedule consequence attached - matches the weak definition.",
DMRP,4,2024-2026 (interim),economic,weak,"code_final adopted from code_coder2 by project decision 2026-09-18. Single-coder. code_coder2 was AI-drafted and confirmed by Coder 2 (provenance in ai_drafted_code / ai_rationale). Coder 1 had prior exposure to code_coder2 before commencing an independent pass, so no inter-rater reliability coefficient is computed. See Chapter 4 section 4.6.2.",weak,"Structural revenue shortfall: annual fare revenue of approximately Tk 4bn against annual JICA debt servicing of approximately Tk 7.4bn, requiring ongoing state subsidy (DMRP_NEWS_037, Aug 2025); third DPP revision cutting total cost by Tk 755cr to Tk 32,717cr (DMRP_NEWS_002, Nov 2025)","No delay consequence to the core Line 6 alignment, which is complete and operating. The December 2028 deadline movement recorded in the same revision applies to the Motijheel-Kamalapur extension, which is out of scope.",,DMRP_NEWS_037; DMRP_NEWS_002; DMRP_NEWS_036; DMRP_NEWS_047,"Weak: circumstantial co-occurrence only. The revenue shortfall is a genuine and continuing financing disruption but is structural rather than a discrete event and carries no documented delay consequence. The Nov 2025 revision moves cost downward, which is the opposite direction from this pathway, and the deadline it extends belongs to the out-of-scope Kamalapur extension. Coder 1 initially recorded strong on 2026-09-18 and reduced to weak the same day: strong requires a source explicitly stating the impact caused further delay, and no such statement exists in this phase. DMRP_NEWS_035, 041, 042, 043 and 044 excluded as concerning new lines or the Kamalapur extension. Coded by Coder 1, 2026-09-18, from the corpus index and the three media inventory summaries; full articles not read.",weak,"Planning Ministry's third DPP revision reduced total MRT Line-6 cost by Tk 755cr (to Tk 32,717cr) due to land-acquisition savings across five stations, while simultaneously extending the project deadline to December 2028 (DMRP_NEWS_002)","Cost reduction and deadline extension are reported in the same revision, but the source does not state that either caused the other - the extension is not attributed to the cost change (which was a saving, not an overrun)",,DMRP_NEWS_002,"Coder 2 (Mohammed) reviewed AI-surfaced evidence and rationale, and confirmed the drafted code without changes.",weak,"Differs from the Phase 3 case in one important way: this is a cost REDUCTION bundled with a deadline extension, so the 'cost-escalation causing delay' mechanism the pathway is defined around doesn't apply in the same direction - the two facts co-occur in one document but there is no plausible escalation-to-delay story to even hypothesize a moderate link from, so this reads as weak rather than moderate despite the bundling. Flagging for coder judgment specifically because this is a boundary call the AI is less confident about. AI-DRAFTED, PENDING CODER 2 CONFIRMATION - recommend closer look.",
DMRP,4,2024-2026 (interim),social,strong,"code_final adopted from code_coder2 by project decision 2026-09-18. Single-coder. code_coder2 was AI-drafted and confirmed by Coder 2 (provenance in ai_drafted_code / ai_rationale). Coder 1 had prior exposure to code_coder2 before commencing an independent pass, so no inter-rater reliability coefficient is computed. See Chapter 4 section 4.6.2.",strong,"Jul-Aug 2024 civil unrest damaging the network, treated as one event per the combined-cluster convention (DMRP_NEWS_028, 029)","37-day suspension of the entire metro network, 18 Jul to 24 Aug 2024, followed by staged station reopenings at Kazipara (Sep 2024) and Mirpur-10 (Oct 2024)",1.0,DMRP_NEWS_028; DMRP_NEWS_029; DMRP_NEWS_030; DMRP_NEWS_031; DMRP_NEWS_032; DMRP_NEWS_033,"Strong: the suspension and its 37-day duration are explicitly documented, with the resistance event and the service consequence reported as one continuous episode. This is the only strong code in the matrix. Definitional note: the Jul-Aug 2024 events were national political unrest rather than resistance directed at the project, which codebook 3.3's examples (land-acquisition disputes, protests, resettlement grievances) do not obviously cover. Coder 1 ruled on 2026-09-18 that these fall inside the definition; the ruling is recorded in the codebook Change Log as a definitional extension because it governs the highest-strength code in the study. lag_months = 1, duration of consequence, 37 days rounded to whole months per codebook 6. Coded by Coder 1, 2026-09-18, from the corpus index and the three media inventory summaries; full articles not read.",strong,"Quota-reform protesters set fire beneath Mirpur-10 station on 18 July 2024, threatening electrical systems and forcing an immediate halt to operations (DMRP_NEWS_028)","Network-wide service was suspended for an explicitly documented 37 days, resuming 24 August 2024 (DMRP_NEWS_030; DMRP_NEWS_031); individually damaged stations (Kazipara, Mirpur-10) reopened progressively through Sept-Oct 2024 after repair (DMRP_NEWS_032; DMRP_NEWS_033)",1.0,DMRP_NEWS_028; DMRP_NEWS_030; DMRP_NEWS_031; DMRP_NEWS_032; DMRP_NEWS_033,"Coder 2 (Mohammed) reviewed AI-surfaced evidence and rationale, and confirmed the drafted code without changes.",strong,"Clearest strong case in the corpus: source explicitly states the trigger (arson during civil unrest) caused the consequence (network suspension), with an explicit, dated stoppage duration (37 days) - matches the strong definition exactly. AI-DRAFTED, PENDING CODER 2 CONFIRMATION.",
DMRP,4,2024-2026 (interim),environmental,weak,"code_final adopted from code_coder2 by project decision 2026-09-18. Single-coder. code_coder2 was AI-drafted and confirmed by Coder 2 (provenance in ai_drafted_code / ai_rationale). Coder 1 had prior exposure to code_coder2 before commencing an independent pass, so no inter-rater reliability coefficient is computed. See Chapter 4 section 4.6.2.",weak,"Urban space degradation beneath the elevated viaducts, informal settlement in cleared walkways (DMRP_NEWS_034, 2024); construction impact on environment, road users and traffic (DMRP_ACAD_003, Dec 2024)",No delay consequence. The core line is complete and operating.,,DMRP_NEWS_034; DMRP_ACAD_003,"Weak: circumstantial co-occurrence only. No environmental regulator acts in this phase. DMRP_NEWS_040 (no full safety audit before operations, 46 piers and 27 bearing pads) is deliberately excluded from this cell: it is structural-safety governance rather than environmental regulatory compliance, and 4_indicator_panel already routes it to IGQ on the same reasoning. The 2026-09-18 BIWTC ruling broadened this pathway to operator action, not to governance failures generally, so it does not reach that document. Note that IGQ is not coded in this study, so DMRP_NEWS_040 currently has nowhere to land; this is acknowledged in Chapter 4 rather than resolved by reassigning it here. Coded by Coder 1, 2026-09-18, from the corpus index and the three media inventory summaries; full articles not read.",weak,"Post-opening urban environmental assessment documented degradation of public space beneath elevated viaducts, where cleared walkways had turned into informal settlements (DMRP_NEWS_034)",No regulatory action or schedule consequence is documented in connection with this finding,,DMRP_NEWS_034,"Coder 2 (Mohammed) reviewed AI-surfaced evidence and rationale (including a requested recheck on PMBP Phase 3), and confirmed the drafted code without changes.",weak,"Thin evidence, matching the weak definition. Note: the October 2025 Farmgate bearing-pad failure and the 'no full third-party safety audit before opening' finding are significant governance/safety evidence in this phase, but they concern structural-safety oversight, not EIA/BIWTA/DoE regulatory pressure as this pathway is specifically defined - recommend routing that evidence to the IGQ coding instead of stretching it into this pathway.",
