doc_id,project,phase,domain,language,translated,compound_score,sentiment_impact_inverted,in_translation_check_sample,bilingual_reviewer_score
PMBP_NEWS_001,PMBP,Phase 1,,English,no,-0.81,0.81,,
PMBP_NEWS_002,PMBP,Phase 1,,English,no,0.9487,-0.9487,,
PMBP_NEWS_003,PMBP,Phase 3,,English,no,0.9854,-0.9854,,
PMBP_NEWS_004,PMBP,Phase 3,,English,no,0.8956,-0.8956,,
PMBP_NEWS_006,PMBP,Phase 4,,English,no,0.5597,-0.5597,,
PMBP_NEWS_007,PMBP,Phase 4,,English,no,0.9653,-0.9653,,
DMRP_NEWS_001,DMRP,Phase 3,,English,no,0.9874,-0.9874,,
DMRP_NEWS_002,DMRP,Phase 4,,English,no,0.9728,-0.9728,,
DMRP_NEWS_003,DMRP,Phase 4,,English,no,0.9997,-0.9997,,
DMRP_NEWS_004,DMRP,Phase 1,,English,no,0.9683,-0.9683,,
PMBP_NEWS_008,PMBP,Phase 2,,English,no,0.0,-0.0,,
PMBP_NEWS_009,PMBP,Phase 2,,English,no,0.9545,-0.9545,,
PMBP_NEWS_010,PMBP,Phase 2,,English,no,-0.296,0.296,,
DMRP_NEWS_005,DMRP,Phase 1,,English,no,0.9658,-0.9658,,
PMBP_NEWS_011,PMBP,Phase 2,,English,no,-0.4939,0.4939,,
DMRP_NEWS_006,DMRP,Phase 1,,English,no,0.9403,-0.9403,,
DMRP_NEWS_007,DMRP,Phase 2,,English,no,0.9963,-0.9963,,
DMRP_NEWS_008,DMRP,Phase 2,,English,no,0.9565,-0.9565,,
DMRP_NEWS_009,DMRP,Phase 2,,English,no,0.9125,-0.9125,,
PMBP_NEWS_012,PMBP,Phase 2,,English,no,0.7172,-0.7172,,
PMBP_NEWS_013,PMBP,Phase 2,,English,no,0.25,-0.25,,
PMBP_NEWS_015,PMBP,Phase 3,,English,no,-0.1779,0.1779,,
PMBP_NEWS_016,PMBP,Phase 3,,English,no,0.8155,-0.8155,,
PMBP_NEWS_017,PMBP,Phase 3,,English,no,0.875,-0.875,,
PMBP_NEWS_018,PMBP,Phase 3,,English,no,0.9764,-0.9764,,
PMBP_NEWS_019,PMBP,Phase 3,,English,no,0.9965,-0.9965,,
DMRP_NEWS_010,DMRP,Phase 2,,English,no,0.8402,-0.8402,,
PMBP_NEWS_020,PMBP,Phase 3,,English,no,0.9991,-0.9991,,
DMRP_NEWS_011,DMRP,Phase 2,,English,no,0.9659,-0.9659,,
PMBP_NEWS_021,PMBP,Phase 3,,English,no,0.9428,-0.9428,,
DMRP_NEWS_012,DMRP,Phase 2,,English,no,0.9081,-0.9081,,
PMBP_NEWS_022,PMBP,Phase 3,,English,no,0.9984,-0.9984,,
PMBP_NEWS_023,PMBP,Phase 3,,English,no,0.9169,-0.9169,,
PMBP_NEWS_024,PMBP,Phase 3,,English,no,0.9947,-0.9947,,
PMBP_NEWS_025,PMBP,Phase 3,,English,no,-0.9884,0.9884,,
PMBP_NEWS_026,PMBP,Phase 4,,English,no,-0.0031,0.0031,,
DMRP_NEWS_013,DMRP,Phase 3,,English,no,0.8223,-0.8223,,
DMRP_NEWS_014,DMRP,Phase 3,,English,no,0.984,-0.984,,
PMBP_NEWS_027,PMBP,Phase 4,,English,no,0.6951,-0.6951,,
PMBP_NEWS_028,PMBP,Phase 1,,English,no,-0.9144,0.9144,,
PMBP_NEWS_029,PMBP,Phase 1,,English,no,0.9745,-0.9745,,
PMBP_NEWS_030,PMBP,Phase 1,,English,no,-0.2846,0.2846,,
PMBP_NEWS_031,PMBP,Phase 2,,English,no,0.6644,-0.6644,,
PMBP_NEWS_032,PMBP,Phase 3,,English,no,0.4419,-0.4419,,
PMBP_NEWS_033,PMBP,Phase 3,,English,no,0.9804,-0.9804,,
PMBP_NEWS_034,PMBP,Phase 3,,English,no,0.7865,-0.7865,,
PMBP_NEWS_035,PMBP,Phase 3,,English,no,-0.903,0.903,,
PMBP_NEWS_036,PMBP,Phase 3,,English,no,-0.6801,0.6801,,
PMBP_NEWS_037,PMBP,Phase 3,,English,no,-0.7385,0.7385,,
PMBP_NEWS_038,PMBP,Phase 3,,English,no,-0.6943,0.6943,,
PMBP_NEWS_039,PMBP,Phase 3,,English,no,-0.8947,0.8947,,
PMBP_NEWS_040,PMBP,Phase 3,,English,no,-0.9979,0.9979,,
PMBP_NEWS_041,PMBP,Phase 3,,English,no,0.9715,-0.9715,,
PMBP_NEWS_042,PMBP,Phase 3,,English,no,0.9735,-0.9735,,
PMBP_NEWS_043,PMBP,Phase 3,,English,no,0.9371,-0.9371,,
PMBP_NEWS_044,PMBP,Phase 3,,English,no,-0.9593,0.9593,,
PMBP_NEWS_045,PMBP,Phase 4,,English,no,0.9963,-0.9963,,
PMBP_NEWS_046,PMBP,Phase 4,,English,no,0.9963,-0.9963,,
PMBP_NEWS_047,PMBP,Phase 4,,English,no,0.8539,-0.8539,,
PMBP_NEWS_048,PMBP,Phase 4,,English,no,0.9878,-0.9878,,
PMBP_NEWS_049,PMBP,Phase 4,,English,no,-0.9525,0.9525,,
PMBP_NEWS_050,PMBP,Phase 4,,English,no,0.9801,-0.9801,,
PMBP_NEWS_051,PMBP,Phase 4,,English,no,0.7906,-0.7906,,
DMRP_NEWS_015,DMRP,Phase 1,,English,no,0.9806,-0.9806,,
DMRP_NEWS_016,DMRP,Phase 2,,English,no,-0.924,0.924,,
DMRP_NEWS_017,DMRP,Phase 3,,English,no,0.9894,-0.9894,,
DMRP_NEWS_018,DMRP,Phase 3,,English,no,0.2263,-0.2263,,
DMRP_NEWS_019,DMRP,Phase 3,,English,no,-0.25,0.25,,
DMRP_NEWS_020,DMRP,Phase 3,,English,no,-0.8885,0.8885,,
DMRP_NEWS_021,DMRP,Phase 3,,English,no,-0.0772,0.0772,,
DMRP_NEWS_022,DMRP,Phase 3,,English,no,0.9768,-0.9768,,
DMRP_NEWS_023,DMRP,Phase 4,,English,no,0.9858,-0.9858,,
DMRP_NEWS_024,DMRP,Phase 4,,English,no,0.9774,-0.9774,,
DMRP_NEWS_025,DMRP,Phase 4,,English,no,-0.3044,0.3044,,
DMRP_NEWS_026,DMRP,Phase 4,,English,no,0.128,-0.128,,
DMRP_NEWS_027,DMRP,Phase 4,,English,no,0.9067,-0.9067,,
DMRP_NEWS_028,DMRP,Phase 4,,English,no,-0.9099,0.9099,,
DMRP_NEWS_029,DMRP,Phase 4,,English,no,-0.9985,0.9985,,
DMRP_NEWS_030,DMRP,Phase 4,,English,no,-0.3182,0.3182,,
DMRP_NEWS_031,DMRP,Phase 4,,English,no,-0.6428,0.6428,,
DMRP_NEWS_032,DMRP,Phase 4,,English,no,0.765,-0.765,,
DMRP_NEWS_033,DMRP,Phase 4,,English,no,-0.7543,0.7543,,
DMRP_NEWS_034,DMRP,Phase 4,,English,no,-0.9305,0.9305,,
DMRP_NEWS_035,DMRP,Phase 4,,English,no,-0.7163,0.7163,,
DMRP_NEWS_036,DMRP,Phase 4,,English,no,0.9771,-0.9771,,
DMRP_NEWS_037,DMRP,Phase 4,,English,no,0.9708,-0.9708,,
DMRP_NEWS_038,DMRP,Phase 4,,English,no,0.9938,-0.9938,,
DMRP_NEWS_039,DMRP,Phase 4,,English,no,-0.996,0.996,,
DMRP_NEWS_040,DMRP,Phase 4,,English,no,0.9292,-0.9292,,
DMRP_NEWS_041,DMRP,Phase 4,,English,no,-0.9032,0.9032,,
DMRP_NEWS_042,DMRP,Phase 4,,English,no,0.9929,-0.9929,,
DMRP_NEWS_043,DMRP,Phase 4,,English,no,0.9934,-0.9934,,
PMBP_NEWS_052,PMBP,Phase 1,,English,no,0.939,-0.939,,
PMBP_NEWS_053,PMBP,Phase 1,,English,no,0.9949,-0.9949,,
PMBP_NEWS_054,PMBP,Phase 1,,English,no,0.9773,-0.9773,,
PMBP_NEWS_055,PMBP,Phase 1,,English,no,0.9894,-0.9894,,
PMBP_NEWS_056,PMBP,Phase 1,,English,no,0.9378,-0.9378,,
PMBP_NEWS_057,PMBP,Phase 1,,English,no,-0.9567,0.9567,,
PMBP_NEWS_058,PMBP,Phase 1,,English,no,0.9576,-0.9576,,
PMBP_NEWS_059,PMBP,Phase 2,,English,no,0.9732,-0.9732,,
PMBP_NEWS_060,PMBP,Phase 2,,English,no,0.9922,-0.9922,,
PMBP_NEWS_061,PMBP,Phase 2,,English,no,-0.9998,0.9998,,
PMBP_NEWS_062,PMBP,Phase 2,,English,no,0.9345,-0.9345,,
PMBP_NEWS_063,PMBP,Phase 2,,English,no,-0.981,0.981,,
PMBP_NEWS_065,PMBP,Phase 3,,English,no,0.8874,-0.8874,,
PMBP_NEWS_066,PMBP,Phase 3,,English,no,0.9907,-0.9907,,
PMBP_NEWS_067,PMBP,Phase 3,,English,no,0.9857,-0.9857,,
PMBP_NEWS_068,PMBP,Phase 3,,English,no,0.9733,-0.9733,,
PMBP_NEWS_069,PMBP,Phase 3,,English,no,-0.0595,0.0595,,
PMBP_NEWS_070,PMBP,Phase 3,,English,no,-0.9997,0.9997,,
PMBP_NEWS_071,PMBP,Phase 3,,English,no,-0.9573,0.9573,,
PMBP_NEWS_072,PMBP,Phase 4,,English,no,0.9568,-0.9568,,
PMBP_NEWS_073,PMBP,Phase 4,,English,no,-0.9838,0.9838,,
PMBP_NEWS_074,PMBP,Phase 4,,English,no,0.3749,-0.3749,,
PMBP_NEWS_075,PMBP,Phase 4,,English,no,0.9986,-0.9986,,
PMBP_NEWS_076,PMBP,Phase 4,,English,no,-0.8647,0.8647,,
PMBP_NEWS_077,PMBP,Phase 4,,English,no,0.5293,-0.5293,,
PMBP_NEWS_078,PMBP,Phase 4,,English,no,-0.9797,0.9797,,
DMRP_NEWS_045,DMRP,Phase 3,,English,no,0.9665,-0.9665,,
DMRP_NEWS_046,DMRP,Phase 3,,English,no,0.9957,-0.9957,,
DMRP_NEWS_047,DMRP,Phase 4,,English,no,0.9936,-0.9936,,
DMRP_NEWS_048,DMRP,Phase 3,,English,no,0.9865,-0.9865,,
DMRP_NEWS_049,DMRP,Phase 3,,English,no,0.9948,-0.9948,,
