row_id,project,phase,phase_window,cia_layer2_domain,sdg_cluster,sdg_codes,sdg_undermining_pathway_reference,sdg_event_description,linked_pathway_code,evidence_doc_ids,evidence_count,coder_notes
SDG_001,PMBP,2,2015-2019,Economic domain,Economic resilience,SDG 8; SDG 9,Reference (Table 3.7.4): cost escalation associated with reduced contractor capacity; financing disruptions associated with delayed infrastructure delivery,"1,163 hectares of char land reclassified from public to private, forcing a Tk 1,400cr land-acquisition cost addition (PMBP_NEWS_062); separately, ministerial declarations extended the completion target to June 2021 alongside routine span-installation progress reporting (PMBP_NEWS_013) Consequence: No single source discusses the cost increase and the completion-target extension as related - they appear as separate reporting threads within the same phase with no stated connection between them",weak,PMBP_NEWS_062; PMBP_NEWS_013,2,"Populated 2026-09-18 from code_final. Evidence density, not impact intensity."
SDG_002,PMBP,2,2015-2019,Social domain,Social stability,SDG 11,"Reference (Table 3.7.4): community displacement, extended transit disruption, and deferred urban connectivity","1,163 hectares of Padma char land reclassified from public (khas) to private ownership, forcing a Tk 1,400cr land-acquisition addition (PMBP_NEWS_062); concurrent riverbank erosion in Naria upazila displaced thousands of residents, locally linked to Mawa river-training/dredging activity (PMBP_NEWS_063) Consequence: No documented schedule/delay consequence in either source - both are framed as cost or environmental/displacement impacts only",weak,PMBP_NEWS_062; PMBP_NEWS_063,2,"Populated 2026-09-18 from code_final. Evidence density, not impact intensity."
SDG_003,PMBP,2,2015-2019,Environmental domain,Environmental sustainability,SDG 13; SDG 15,Reference (Table 3.7.4): extended construction emissions; river sedimentation; terrestrial biodiversity pressure from prolonged site activity,"Severe riverbank erosion in Naria upazila displaced thousands of residents, locally linked to Mawa dredging/river-training activity (PMBP_NEWS_063); NASA satellite data separately documented over 66,000 hectares of historical Padma riverbank loss over 50 years, framed as a structural risk factor for river-training works (PMBP_NEWS_031) Consequence: Neither source documents a regulatory compliance order or a resulting schedule/delay consequence to the bridge project itself",weak,PMBP_NEWS_063; PMBP_NEWS_031,2,"Populated 2026-09-18 from code_final. Evidence density, not impact intensity."
SDG_004,PMBP,2,2015-2019,Cross-domain interactions,Connected SDG erosion,SDG 8; SDG 9; SDG 11; SDG 13; SDG 15 (cascading),Reference (Table 3.7.4 / Ch.2 Table 2.7.1): delay in one SDG domain documented alongside conditions undermining others - populate only where the underlying pathway coding (2_pathway_coding.csv) shows 2+ pathways coded strong/moderate at this phase (i.e. DAC >= 2),"Not applicable at this phase: cross-domain SDG erosion requires 2+ pathways coded strong/moderate (current DAC composition: 0 of 3 pathways coded strong or moderate). No cascading multi-SDG event is asserted here without that underlying pathway support, per this matrix's original design constraint.",0 of 3 pathways coded strong or moderate,,0,"Cross-domain row populated only where 2 or more pathways are strong or moderate. Count is 0, so no cascading SDG erosion is claimed for this project-phase."
SDG_005,PMBP,3,2019-2022,Economic domain,Economic resilience,SDG 8; SDG 9,Reference (Table 3.7.4): cost escalation associated with reduced contractor capacity; financing disruptions associated with delayed infrastructure delivery,"Toll structure and total project cost (DPP escalation to Tk 301.93bn, 35-year exchequer repayment schedule) were reported together with confirmation of the June 2022 opening date, in the same article (PMBP_NEWS_021) Consequence: The article reports the final cost figure and the opening timeline side by side as a status update, but does not discuss the cost escalation as having caused or threatened the schedule - by this point the June 2022 date was already firmly set, not newly revised",strong,PMBP_NEWS_021,1,"Populated 2026-09-18 from code_final. Evidence density, not impact intensity."
SDG_006,PMBP,3,2019-2022,Social domain,Social stability,SDG 11,"Reference (Table 3.7.4): community displacement, extended transit disruption, and deferred urban connectivity",No qualifying documentary event exists for this cell (pathway coding: uncoded/evidence gap). No SDG erosion claim is made here in the absence of underlying pathway evidence.,strong,,2,Pathway uncoded: no qualifying evidence. Row retained to show the gap rather than omitted. | Updated 2026-09-24: pathway filled moderate from research-report causal validation.
SDG_007,PMBP,3,2019-2022,Environmental domain,Environmental sustainability,SDG 13; SDG 15,Reference (Table 3.7.4): extended construction emissions; river sedimentation; terrestrial biodiversity pressure from prolonged site activity,"A cluster of Ro-Ro ferry collisions with bridge piers 10, 16 and 17 during periods of strong river current (PMBP_NEWS_070; PMBP_NEWS_035; PMBP_NEWS_036) prompted BIWTC to suspend the Kakoli's master and steersman (PMBP_NEWS_037), redirect vehicular traffic from Shimulia to Paturia (PMBP_NEWS_038), and face criticism for not acting on prior written warnings (PMBP_NEWS_039); the Daily Star separately reports a heavy-vehicle ban on the ferry route imposed after three collisions damaged bridge pile caps within 20 days (PMBP_NEWS_071) Consequence: PMBP_NEWS_071 documents actual damage to bridge pile caps from these collisions - genuine structural impact, not merely a ferry-safety matter. However, the June 2022 completion date had already been fixed in May 2021 (per Daily Star, 'Padma bridge deadline now June next year', 2021-05-25), before these collisions occurred (Jul-Aug 2021), and the bridge opened on that same date with no further schedule revision reported afterward. The sequence runs schedule-fixed -> structural damage -> schedule held, which argues against a delay link despite the real damage.",weak,PMBP_NEWS_070; PMBP_NEWS_035; PMBP_NEWS_036; PMBP_NEWS_037; PMBP_NEWS_038; PMBP_NEWS_039; PMBP_NEWS_071,7,"Populated 2026-09-18 from code_final. Evidence density, not impact intensity."
SDG_008,PMBP,3,2019-2022,Cross-domain interactions,Connected SDG erosion,SDG 8; SDG 9; SDG 11; SDG 13; SDG 15 (cascading),Reference (Table 3.7.4 / Ch.2 Table 2.7.1): delay in one SDG domain documented alongside conditions undermining others - populate only where the underlying pathway coding (2_pathway_coding.csv) shows 2+ pathways coded strong/moderate at this phase (i.e. DAC >= 2),"Not applicable at this phase: cross-domain SDG erosion requires 2+ pathways coded strong/moderate (current DAC composition: 0 of 3 pathways coded strong or moderate). No cascading multi-SDG event is asserted here without that underlying pathway support, per this matrix's original design constraint.",2 of 3 pathways coded strong or moderate,,2,Updated 2026-09-24: DAC=2 meets cascading threshold after blind-pass-authoritative finals.
SDG_009,PMBP,4,2022-2026,Economic domain,Economic resilience,SDG 8; SDG 9,Reference (Table 3.7.4): cost escalation associated with reduced contractor capacity; financing disruptions associated with delayed infrastructure delivery,"Bridges Division requested an additional Tk 2,682.13cr and a time extension to June 2024, in the same DPP revision, to complete river training, power lines, and defect liabilities (PMBP_NEWS_006); a closely-timed Prothom Alo report describes what appears to be the same underlying ECNEC revision episode, citing a Tk 26.82bn cost increase and a one-year tenure extension (PMBP_NEWS_047 - treated as corroborating, not independent, evidence per the near-duplicate flag already logged against this pair in 1_corpus_index) Consequence: Both the cost increase and the schedule extension are requested and reported together within a single DPP submission, but the source does not state that the cost overrun caused the extension - both plausibly stem from the same underlying incomplete-works driver (river training, defect liability) rather than one causing the other",moderate,PMBP_NEWS_006; PMBP_NEWS_047; PMBP_NEWS_045; PMBP_NEWS_048,4,"Populated 2026-09-18 from code_final. Evidence density, not impact intensity."
SDG_010,PMBP,4,2022-2026,Social domain,Social stability,SDG 11,"Reference (Table 3.7.4): community displacement, extended transit disruption, and deferred urban connectivity","Post-completion investigative reporting found fraudulent land-compensation schemes in Shibchar upazila (PMBP_NEWS_078); separately, Tk 9b in char land was purchased under political pressure in 2025 and later eroded (PMBP_NEWS_049) Consequence: No delay consequence possible to document - both findings post-date the bridge's 30 June 2024 completion, so no remaining project schedule exists for a delay to attach to",weak,PMBP_NEWS_078; PMBP_NEWS_049,2,"Populated 2026-09-18 from code_final. Evidence density, not impact intensity."
SDG_011,PMBP,4,2022-2026,Environmental domain,Environmental sustainability,SDG 13; SDG 15,Reference (Table 3.7.4): extended construction emissions; river sedimentation; terrestrial biodiversity pressure from prolonged site activity,"Two years post-opening, the EIA-mandated Padma Bridge Wildlife Sanctuary remained unestablished, attributed to unmonitored sand extraction and inter-agency coordination delays (PMBP_NEWS_073); separately, unauthorized upstream sand dredging was reported as threatening pier scour protection, prompting calls for emergency regulatory enforcement (PMBP_NEWS_027) Consequence: Both are documented EIA/regulatory compliance failures, but neither can produce a schedule-delay consequence since the bridge was already complete and operational by the time both were reported",weak,PMBP_NEWS_073; PMBP_NEWS_027,2,"Populated 2026-09-18 from code_final. Evidence density, not impact intensity."
SDG_012,PMBP,4,2022-2026,Cross-domain interactions,Connected SDG erosion,SDG 8; SDG 9; SDG 11; SDG 13; SDG 15 (cascading),Reference (Table 3.7.4 / Ch.2 Table 2.7.1): delay in one SDG domain documented alongside conditions undermining others - populate only where the underlying pathway coding (2_pathway_coding.csv) shows 2+ pathways coded strong/moderate at this phase (i.e. DAC >= 2),"Not applicable at this phase: cross-domain SDG erosion requires 2+ pathways coded strong/moderate (current DAC composition: 1 of 3 pathways coded strong or moderate). No cascading multi-SDG event is asserted here without that underlying pathway support, per this matrix's original design constraint.",1 of 3 pathways coded strong or moderate,,0,"Cross-domain row populated only where 2 or more pathways are strong or moderate. Count is 1, so no cascading SDG erosion is claimed for this project-phase."
SDG_013,DMRP,2,2019-2022,Economic domain,Economic resilience,SDG 8; SDG 9,Reference (Table 3.7.4): cost escalation associated with reduced contractor capacity; financing disruptions associated with delayed infrastructure delivery,No qualifying documentary event exists for this cell (pathway coding: uncoded/evidence gap). No SDG erosion claim is made here in the absence of underlying pathway evidence.,strong,,2,Pathway uncoded: no qualifying evidence. Row retained to show the gap rather than omitted. | Updated 2026-09-24: pathway filled moderate from research-report causal validation.
SDG_014,DMRP,2,2019-2022,Social domain,Social stability,SDG 11,"Reference (Table 3.7.4): community displacement, extended transit disruption, and deferred urban connectivity",No qualifying documentary event exists for this cell (pathway coding: uncoded/evidence gap). No SDG erosion claim is made here in the absence of underlying pathway evidence.,moderate,,2,Pathway uncoded: no qualifying evidence. Row retained to show the gap rather than omitted. | Updated 2026-09-24: pathway filled moderate from research-report causal validation.
SDG_015,DMRP,2,2019-2022,Environmental domain,Environmental sustainability,SDG 13; SDG 15,Reference (Table 3.7.4): extended construction emissions; river sedimentation; terrestrial biodiversity pressure from prolonged site activity,"Department of Environment penalised MRT Line-6 contractors for violating air-quality directives and failing to control construction-corridor dust (DMRP_NEWS_016) Consequence: A regulatory violation/penalty is documented, but the source does not state that work was suspended or the schedule extended as a result",weak,DMRP_NEWS_016,1,"Populated 2026-09-18 from code_final. Evidence density, not impact intensity."
SDG_016,DMRP,2,2019-2022,Cross-domain interactions,Connected SDG erosion,SDG 8; SDG 9; SDG 11; SDG 13; SDG 15 (cascading),Reference (Table 3.7.4 / Ch.2 Table 2.7.1): delay in one SDG domain documented alongside conditions undermining others - populate only where the underlying pathway coding (2_pathway_coding.csv) shows 2+ pathways coded strong/moderate at this phase (i.e. DAC >= 2),Cross-domain co-occurrence at DMRP Phase 2: economic pathway (traffic collapse / trader losses → work-hour restrictions) and social pathway (utility disruption / alignment resistance → route redesign) both coded moderate. Cascading SDG erosion claim now meets DAC>=2 design threshold. Evidence density from research-report synthesis.,2 of 3 pathways coded strong or moderate,,2,Updated 2026-09-24: DAC=2 meets cascading threshold after blind-pass-authoritative finals.
SDG_017,DMRP,3,2022-2024,Economic domain,Economic resilience,SDG 8; SDG 9,Reference (Table 3.7.4): cost escalation associated with reduced contractor capacity; financing disruptions associated with delayed infrastructure delivery,"DMTCL submitted a DPP revision seeking a 52.25% cost increase (Tk 11,487cr hike to Tk 33,472cr) together with a deadline extension to December 2025, citing station-plaza land acquisitions, the Kamalapur line extension, and currency devaluation (DMRP_NEWS_045) Consequence: Cost increase and deadline extension are requested and reported in the same DPP submission, but the source does not state that the cost escalation caused the extension - both are presented as consequences of the same scope-expansion and currency factors",moderate,DMRP_NEWS_045,1,"Populated 2026-09-18 from code_final. Evidence density, not impact intensity."
SDG_018,DMRP,3,2022-2024,Social domain,Social stability,SDG 11,"Reference (Table 3.7.4): community displacement, extended transit disruption, and deferred urban connectivity",June 2022 fare structure omitted a student concession (unlike BRTC's 50% bus discount); commuter and student groups publicly criticized the absence of a half-fare concession (DMRP_NEWS_014) Consequence: No documented operational or schedule consequence - reported purely as public criticism/opinion coverage,moderate,DMRP_NEWS_014,1,"Populated 2026-09-18 from code_final. Evidence density, not impact intensity."
SDG_019,DMRP,3,2022-2024,Environmental domain,Environmental sustainability,SDG 13; SDG 15,Reference (Table 3.7.4): extended construction emissions; river sedimentation; terrestrial biodiversity pressure from prolonged site activity,"Post-construction environmental research documented extensive tree loss along the MRT Line-6 corridor from viaduct-foundation alignment and pier construction, and found the elevated structure raising local temperatures (DMRP_NEWS_022) Consequence: No regulatory compliance order or schedule consequence is documented - this is an ex-post impact study, not tied to any project timeline decision",weak,DMRP_NEWS_022,1,"Populated 2026-09-18 from code_final. Evidence density, not impact intensity."
SDG_020,DMRP,3,2022-2024,Cross-domain interactions,Connected SDG erosion,SDG 8; SDG 9; SDG 11; SDG 13; SDG 15 (cascading),Reference (Table 3.7.4 / Ch.2 Table 2.7.1): delay in one SDG domain documented alongside conditions undermining others - populate only where the underlying pathway coding (2_pathway_coding.csv) shows 2+ pathways coded strong/moderate at this phase (i.e. DAC >= 2),"Not applicable at this phase: cross-domain SDG erosion requires 2+ pathways coded strong/moderate (current DAC composition: 1 of 3 pathways coded strong or moderate). No cascading multi-SDG event is asserted here without that underlying pathway support, per this matrix's original design constraint.",2 of 3 pathways coded strong or moderate,,2,Updated 2026-09-24: DAC=2 meets cascading threshold after blind-pass-authoritative finals.
SDG_021,DMRP,4,2024-2026 (interim),Economic domain,Economic resilience,SDG 8; SDG 9,Reference (Table 3.7.4): cost escalation associated with reduced contractor capacity; financing disruptions associated with delayed infrastructure delivery,"Planning Ministry's third DPP revision reduced total MRT Line-6 cost by Tk 755cr (to Tk 32,717cr) due to land-acquisition savings across five stations, while simultaneously extending the project deadline to December 2028 (DMRP_NEWS_002) Consequence: Cost reduction and deadline extension are reported in the same revision, but the source does not state that either caused the other - the extension is not attributed to the cost change (which was a saving, not an overrun)",weak,DMRP_NEWS_002,1,"Populated 2026-09-18 from code_final. Evidence density, not impact intensity."
SDG_022,DMRP,4,2024-2026 (interim),Social domain,Social stability,SDG 11,"Reference (Table 3.7.4): community displacement, extended transit disruption, and deferred urban connectivity","Quota-reform protesters set fire beneath Mirpur-10 station on 18 July 2024, threatening electrical systems and forcing an immediate halt to operations (DMRP_NEWS_028) Consequence: Network-wide service was suspended for an explicitly documented 37 days, resuming 24 August 2024 (DMRP_NEWS_030; DMRP_NEWS_031); individually damaged stations (Kazipara, Mirpur-10) reopened progressively through Sept-Oct 2024 after repair (DMRP_NEWS_032; DMRP_NEWS_033)",strong,DMRP_NEWS_028; DMRP_NEWS_030; DMRP_NEWS_031; DMRP_NEWS_032; DMRP_NEWS_033,5,"Populated 2026-09-18 from code_final. Evidence density, not impact intensity."
SDG_023,DMRP,4,2024-2026 (interim),Environmental domain,Environmental sustainability,SDG 13; SDG 15,Reference (Table 3.7.4): extended construction emissions; river sedimentation; terrestrial biodiversity pressure from prolonged site activity,"Post-opening urban environmental assessment documented degradation of public space beneath elevated viaducts, where cleared walkways had turned into informal settlements (DMRP_NEWS_034) Consequence: No regulatory action or schedule consequence is documented in connection with this finding",weak,DMRP_NEWS_034,1,"Populated 2026-09-18 from code_final. Evidence density, not impact intensity."
SDG_024,DMRP,4,2024-2026 (interim),Cross-domain interactions,Connected SDG erosion,SDG 8; SDG 9; SDG 11; SDG 13; SDG 15 (cascading),Reference (Table 3.7.4 / Ch.2 Table 2.7.1): delay in one SDG domain documented alongside conditions undermining others - populate only where the underlying pathway coding (2_pathway_coding.csv) shows 2+ pathways coded strong/moderate at this phase (i.e. DAC >= 2),"Not applicable at this phase: cross-domain SDG erosion requires 2+ pathways coded strong/moderate (current DAC composition: 1 of 3 pathways coded strong or moderate). No cascading multi-SDG event is asserted here without that underlying pathway support, per this matrix's original design constraint.",1 of 3 pathways coded strong or moderate,,0,"Cross-domain row populated only where 2 or more pathways are strong or moderate. Count is 1, so no cascading SDG erosion is claimed for this project-phase."
